<?xml version="1.0"?>
<Runs Version="1" Minor="0">
	<Run Id="design_1_v_tc_0_0_synth_1" LaunchDir="E:/08_Project/07_EBAZ4205_CNN/CH12/project_1.runs/design_1_v_tc_0_0_synth_1" FlowId="Vivado_Synthesis" FromStepId="vivado" ToStepId="vivado"/>
	<Run Id="design_1_v_axi4s_vid_out_0_0_synth_1" LaunchDir="E:/08_Project/07_EBAZ4205_CNN/CH12/project_1.runs/design_1_v_axi4s_vid_out_0_0_synth_1" FlowId="Vivado_Synthesis" FromStepId="vivado" ToStepId="vivado"/>
	<Run Id="design_1_processing_system7_0_0_synth_1" LaunchDir="E:/08_Project/07_EBAZ4205_CNN/CH12/project_1.runs/design_1_processing_system7_0_0_synth_1" FlowId="Vivado_Synthesis" FromStepId="vivado" ToStepId="vivado"/>
	<Run Id="design_1_xbar_1_synth_1" LaunchDir="E:/08_Project/07_EBAZ4205_CNN/CH12/project_1.runs/design_1_xbar_1_synth_1" FlowId="Vivado_Synthesis" FromStepId="vivado" ToStepId="vivado"/>
	<Parameters>
		<Parameter Name="runs.monitorLSFJobs" Val="true" Type="bool"/>
		<Parameter Name="runs.enableClusterConf" Val="true" Type="bool"/>
	</Parameters>
</Runs>

