<?xml version="1.0"?>
<Runs Version="1" Minor="0">
	<Run Id="design_1_vga_data_0_0_synth_1" LaunchDir="E:/08_Project/07_EBAZ4205_CNN/CH06/project_1.runs/design_1_vga_data_0_0_synth_1" FlowId="Vivado_Synthesis" FromStepId="vivado" ToStepId="vivado"/>
	<Run Id="design_1_blk_mem_gen_0_1_synth_1" LaunchDir="E:/08_Project/07_EBAZ4205_CNN/CH06/project_1.runs/design_1_blk_mem_gen_0_1_synth_1" FlowId="Vivado_Synthesis" FromStepId="vivado" ToStepId="vivado"/>
	<Run Id="design_1_blk_mem_gen_1_0_synth_1" LaunchDir="E:/08_Project/07_EBAZ4205_CNN/CH06/project_1.runs/design_1_blk_mem_gen_1_0_synth_1" FlowId="Vivado_Synthesis" FromStepId="vivado" ToStepId="vivado"/>
	<Run Id="design_1_blk_mem_gen_2_0_synth_1" LaunchDir="E:/08_Project/07_EBAZ4205_CNN/CH06/project_1.runs/design_1_blk_mem_gen_2_0_synth_1" FlowId="Vivado_Synthesis" FromStepId="vivado" ToStepId="vivado"/>
	<Run Id="design_1_blk_mem_gen_3_0_synth_1" LaunchDir="E:/08_Project/07_EBAZ4205_CNN/CH06/project_1.runs/design_1_blk_mem_gen_3_0_synth_1" FlowId="Vivado_Synthesis" FromStepId="vivado" ToStepId="vivado"/>
	<Run Id="design_1_blk_mem_gen_4_0_synth_1" LaunchDir="E:/08_Project/07_EBAZ4205_CNN/CH06/project_1.runs/design_1_blk_mem_gen_4_0_synth_1" FlowId="Vivado_Synthesis" FromStepId="vivado" ToStepId="vivado"/>
	<Run Id="design_1_blk_mem_gen_5_0_synth_1" LaunchDir="E:/08_Project/07_EBAZ4205_CNN/CH06/project_1.runs/design_1_blk_mem_gen_5_0_synth_1" FlowId="Vivado_Synthesis" FromStepId="vivado" ToStepId="vivado"/>
	<Run Id="design_1_blk_mem_gen_6_0_synth_1" LaunchDir="E:/08_Project/07_EBAZ4205_CNN/CH06/project_1.runs/design_1_blk_mem_gen_6_0_synth_1" FlowId="Vivado_Synthesis" FromStepId="vivado" ToStepId="vivado"/>
	<Run Id="design_1_blk_mem_gen_7_0_synth_1" LaunchDir="E:/08_Project/07_EBAZ4205_CNN/CH06/project_1.runs/design_1_blk_mem_gen_7_0_synth_1" FlowId="Vivado_Synthesis" FromStepId="vivado" ToStepId="vivado"/>
	<Run Id="design_1_blk_mem_gen_8_0_synth_1" LaunchDir="E:/08_Project/07_EBAZ4205_CNN/CH06/project_1.runs/design_1_blk_mem_gen_8_0_synth_1" FlowId="Vivado_Synthesis" FromStepId="vivado" ToStepId="vivado"/>
	<Run Id="design_1_vio_0_0_synth_1" LaunchDir="E:/08_Project/07_EBAZ4205_CNN/CH06/project_1.runs/design_1_vio_0_0_synth_1" FlowId="Vivado_Synthesis" FromStepId="vivado" ToStepId="vivado"/>
	<Parameters>
		<Parameter Name="runs.monitorLSFJobs" Val="true" Type="bool"/>
		<Parameter Name="runs.enableClusterConf" Val="true" Type="bool"/>
	</Parameters>
</Runs>

