<?xml version="1.0"?>
<Runs Version="1" Minor="0">
	<Run Id="design_1_v_axi4s_vid_out_0_0_synth_1" LaunchDir="E:/08_Project/07_EBAZ4205_Video/Lesson08_VDMA_READ/project_1.runs/design_1_v_axi4s_vid_out_0_0_synth_1" FlowId="Vivado_Synthesis" FromStepId="vivado" ToStepId="vivado"/>
	<Run Id="design_1_util_vector_logic_0_0_synth_1" LaunchDir="E:/08_Project/07_EBAZ4205_Video/Lesson08_VDMA_READ/project_1.runs/design_1_util_vector_logic_0_0_synth_1" FlowId="Vivado_Synthesis" FromStepId="vivado" ToStepId="vivado"/>
	<Run Id="design_1_axi_vdma_0_0_synth_1" LaunchDir="E:/08_Project/07_EBAZ4205_Video/Lesson08_VDMA_READ/project_1.runs/design_1_axi_vdma_0_0_synth_1" FlowId="Vivado_Synthesis" FromStepId="vivado" ToStepId="vivado"/>
	<Run Id="design_1_processing_system7_0_0_synth_1" LaunchDir="E:/08_Project/07_EBAZ4205_Video/Lesson08_VDMA_READ/project_1.runs/design_1_processing_system7_0_0_synth_1" FlowId="Vivado_Synthesis" FromStepId="vivado" ToStepId="vivado"/>
	<Run Id="design_1_rst_ps7_0_200M_0_synth_1" LaunchDir="E:/08_Project/07_EBAZ4205_Video/Lesson08_VDMA_READ/project_1.runs/design_1_rst_ps7_0_200M_0_synth_1" FlowId="Vivado_Synthesis" FromStepId="vivado" ToStepId="vivado"/>
	<Run Id="design_1_auto_pc_0_synth_1" LaunchDir="E:/08_Project/07_EBAZ4205_Video/Lesson08_VDMA_READ/project_1.runs/design_1_auto_pc_0_synth_1" FlowId="Vivado_Synthesis" FromStepId="vivado" ToStepId="vivado"/>
	<Run Id="design_1_auto_pc_1_synth_1" LaunchDir="E:/08_Project/07_EBAZ4205_Video/Lesson08_VDMA_READ/project_1.runs/design_1_auto_pc_1_synth_1" FlowId="Vivado_Synthesis" FromStepId="vivado" ToStepId="vivado"/>
	<Run Id="synth_1" LaunchDir="E:/08_Project/07_EBAZ4205_Video/Lesson08_VDMA_READ/project_1.runs/synth_1" FlowId="Vivado_Synthesis" FromStepId="vivado" ToStepId="vivado">
		<Parent Id="design_1_v_axi4s_vid_out_0_0_synth_1"/>
		<Parent Id="design_1_util_vector_logic_0_0_synth_1"/>
		<Parent Id="design_1_axi_vdma_0_0_synth_1"/>
		<Parent Id="design_1_processing_system7_0_0_synth_1"/>
		<Parent Id="design_1_rst_ps7_0_200M_0_synth_1"/>
		<Parent Id="design_1_auto_pc_0_synth_1"/>
		<Parent Id="design_1_auto_pc_1_synth_1"/>
	</Run>
	<Run Id="impl_1" LaunchDir="E:/08_Project/07_EBAZ4205_Video/Lesson08_VDMA_READ/project_1.runs/impl_1" FlowId="Vivado_Implementation" FromStepId="init_design" ToStepId="write_bitstream">
		<Parent Id="synth_1"/>
		<Parent Id="design_1_v_axi4s_vid_out_0_0_synth_1"/>
		<Parent Id="design_1_util_vector_logic_0_0_synth_1"/>
		<Parent Id="design_1_axi_vdma_0_0_synth_1"/>
		<Parent Id="design_1_processing_system7_0_0_synth_1"/>
		<Parent Id="design_1_rst_ps7_0_200M_0_synth_1"/>
		<Parent Id="design_1_auto_pc_0_synth_1"/>
		<Parent Id="design_1_auto_pc_1_synth_1"/>
	</Run>
	<Parameters>
		<Parameter Name="runs.monitorLSFJobs" Val="true" Type="bool"/>
		<Parameter Name="runs.enableClusterConf" Val="true" Type="bool"/>
	</Parameters>
</Runs>

