<?xml version="1.0"?>
<Runs Version="1" Minor="0">
	<Run Id="design_1_clk_wiz_0_0_synth_1" LaunchDir="C:/Users/Kevin/Desktop/CH15/project_1.runs/design_1_clk_wiz_0_0_synth_1" FlowId="Vivado_Synthesis" FromStepId="vivado" ToStepId="vivado"/>
	<Run Id="design_1_v_tc_0_0_synth_1" LaunchDir="C:/Users/Kevin/Desktop/CH15/project_1.runs/design_1_v_tc_0_0_synth_1" FlowId="Vivado_Synthesis" FromStepId="vivado" ToStepId="vivado"/>
	<Run Id="design_1_v_axi4s_vid_out_0_0_synth_1" LaunchDir="C:/Users/Kevin/Desktop/CH15/project_1.runs/design_1_v_axi4s_vid_out_0_0_synth_1" FlowId="Vivado_Synthesis" FromStepId="vivado" ToStepId="vivado"/>
	<Run Id="design_1_hdmi_top_0_0_synth_1" LaunchDir="C:/Users/Kevin/Desktop/CH15/project_1.runs/design_1_hdmi_top_0_0_synth_1" FlowId="Vivado_Synthesis" FromStepId="vivado" ToStepId="vivado"/>
	<Run Id="design_1_vga_data_broad_0_0_synth_1" LaunchDir="C:/Users/Kevin/Desktop/CH15/project_1.runs/design_1_vga_data_broad_0_0_synth_1" FlowId="Vivado_Synthesis" FromStepId="vivado" ToStepId="vivado"/>
	<Run Id="design_1_clk_wiz_0_1_synth_1" LaunchDir="C:/Users/Kevin/Desktop/CH15/project_1.runs/design_1_clk_wiz_0_1_synth_1" FlowId="Vivado_Synthesis" FromStepId="vivado" ToStepId="vivado"/>
	<Parameters>
		<Parameter Name="runs.monitorLSFJobs" Val="true" Type="bool"/>
		<Parameter Name="runs.enableClusterConf" Val="true" Type="bool"/>
	</Parameters>
</Runs>

