<?xml version="1.0"?>
<Runs Version="1" Minor="0">
	<Run Id="design_1_rst_ps7_0_200M_0_synth_1" LaunchDir="C:/prj/CH15_HDMI/project_1.runs/design_1_rst_ps7_0_200M_0_synth_1" FlowId="Vivado_Synthesis" FromStepId="vivado" ToStepId="vivado"/>
	<Run Id="design_1_v_axi4s_vid_out_0_0_synth_1" LaunchDir="C:/prj/CH15_HDMI/project_1.runs/design_1_v_axi4s_vid_out_0_0_synth_1" FlowId="Vivado_Synthesis" FromStepId="vivado" ToStepId="vivado"/>
	<Run Id="design_1_util_vector_logic_0_0_synth_1" LaunchDir="C:/prj/CH15_HDMI/project_1.runs/design_1_util_vector_logic_0_0_synth_1" FlowId="Vivado_Synthesis" FromStepId="vivado" ToStepId="vivado"/>
	<Run Id="design_1_axi_vdma_0_0_synth_1" LaunchDir="C:/prj/CH15_HDMI/project_1.runs/design_1_axi_vdma_0_0_synth_1" FlowId="Vivado_Synthesis" FromStepId="vivado" ToStepId="vivado"/>
	<Run Id="design_1_processing_system7_0_0_synth_1" LaunchDir="C:/prj/CH15_HDMI/project_1.runs/design_1_processing_system7_0_0_synth_1" FlowId="Vivado_Synthesis" FromStepId="vivado" ToStepId="vivado"/>
	<Run Id="design_1_v_tc_0_0_synth_1" LaunchDir="C:/prj/CH15_HDMI/project_1.runs/design_1_v_tc_0_0_synth_1" FlowId="Vivado_Synthesis" FromStepId="vivado" ToStepId="vivado"/>
	<Run Id="design_1_blk_mem_gen_6_0_synth_1" LaunchDir="C:/prj/CH15_HDMI/project_1.runs/design_1_blk_mem_gen_6_0_synth_1" FlowId="Vivado_Synthesis" FromStepId="vivado" ToStepId="vivado"/>
	<Run Id="design_1_clk_wiz_0_1_synth_1" LaunchDir="C:/prj/CH15_HDMI/project_1.runs/design_1_clk_wiz_0_1_synth_1" FlowId="Vivado_Synthesis" FromStepId="vivado" ToStepId="vivado"/>
	<Run Id="design_1_blk_mem_gen_5_0_synth_1" LaunchDir="C:/prj/CH15_HDMI/project_1.runs/design_1_blk_mem_gen_5_0_synth_1" FlowId="Vivado_Synthesis" FromStepId="vivado" ToStepId="vivado"/>
	<Run Id="design_1_blk_mem_gen_2_0_synth_1" LaunchDir="C:/prj/CH15_HDMI/project_1.runs/design_1_blk_mem_gen_2_0_synth_1" FlowId="Vivado_Synthesis" FromStepId="vivado" ToStepId="vivado"/>
	<Run Id="design_1_vga_data_broad_0_0_synth_1" LaunchDir="C:/prj/CH15_HDMI/project_1.runs/design_1_vga_data_broad_0_0_synth_1" FlowId="Vivado_Synthesis" FromStepId="vivado" ToStepId="vivado"/>
	<Run Id="design_1_v_vid_in_axi4s_0_0_synth_1" LaunchDir="C:/prj/CH15_HDMI/project_1.runs/design_1_v_vid_in_axi4s_0_0_synth_1" FlowId="Vivado_Synthesis" FromStepId="vivado" ToStepId="vivado"/>
	<Run Id="design_1_blk_mem_gen_8_0_synth_1" LaunchDir="C:/prj/CH15_HDMI/project_1.runs/design_1_blk_mem_gen_8_0_synth_1" FlowId="Vivado_Synthesis" FromStepId="vivado" ToStepId="vivado"/>
	<Run Id="design_1_blk_mem_gen_1_0_synth_1" LaunchDir="C:/prj/CH15_HDMI/project_1.runs/design_1_blk_mem_gen_1_0_synth_1" FlowId="Vivado_Synthesis" FromStepId="vivado" ToStepId="vivado"/>
	<Run Id="design_1_blk_mem_gen_0_0_synth_1" LaunchDir="C:/prj/CH15_HDMI/project_1.runs/design_1_blk_mem_gen_0_0_synth_1" FlowId="Vivado_Synthesis" FromStepId="vivado" ToStepId="vivado"/>
	<Run Id="design_1_axi_lite_0_0_synth_1" LaunchDir="C:/prj/CH15_HDMI/project_1.runs/design_1_axi_lite_0_0_synth_1" FlowId="Vivado_Synthesis" FromStepId="vivado" ToStepId="vivado"/>
	<Run Id="design_1_util_vector_logic_2_0_synth_1" LaunchDir="C:/prj/CH15_HDMI/project_1.runs/design_1_util_vector_logic_2_0_synth_1" FlowId="Vivado_Synthesis" FromStepId="vivado" ToStepId="vivado"/>
	<Run Id="design_1_blk_mem_gen_4_0_synth_1" LaunchDir="C:/prj/CH15_HDMI/project_1.runs/design_1_blk_mem_gen_4_0_synth_1" FlowId="Vivado_Synthesis" FromStepId="vivado" ToStepId="vivado"/>
	<Run Id="design_1_blk_mem_gen_0_1_synth_1" LaunchDir="C:/prj/CH15_HDMI/project_1.runs/design_1_blk_mem_gen_0_1_synth_1" FlowId="Vivado_Synthesis" FromStepId="vivado" ToStepId="vivado"/>
	<Run Id="design_1_blk_mem_gen_3_0_synth_1" LaunchDir="C:/prj/CH15_HDMI/project_1.runs/design_1_blk_mem_gen_3_0_synth_1" FlowId="Vivado_Synthesis" FromStepId="vivado" ToStepId="vivado"/>
	<Run Id="design_1_clk_wiz_0_0_synth_1" LaunchDir="C:/prj/CH15_HDMI/project_1.runs/design_1_clk_wiz_0_0_synth_1" FlowId="Vivado_Synthesis" FromStepId="vivado" ToStepId="vivado"/>
	<Run Id="design_1_cmos_data_0_0_synth_1" LaunchDir="C:/prj/CH15_HDMI/project_1.runs/design_1_cmos_data_0_0_synth_1" FlowId="Vivado_Synthesis" FromStepId="vivado" ToStepId="vivado"/>
	<Run Id="design_1_blk_mem_gen_7_0_synth_1" LaunchDir="C:/prj/CH15_HDMI/project_1.runs/design_1_blk_mem_gen_7_0_synth_1" FlowId="Vivado_Synthesis" FromStepId="vivado" ToStepId="vivado"/>
	<Run Id="design_1_ov5640_top_0_0_synth_1" LaunchDir="C:/prj/CH15_HDMI/project_1.runs/design_1_ov5640_top_0_0_synth_1" FlowId="Vivado_Synthesis" FromStepId="vivado" ToStepId="vivado"/>
	<Run Id="design_1_hdmi_top_0_0_synth_1" LaunchDir="C:/prj/CH15_HDMI/project_1.runs/design_1_hdmi_top_0_0_synth_1" FlowId="Vivado_Synthesis" FromStepId="vivado" ToStepId="vivado"/>
	<Run Id="design_1_vga_data_0_0_synth_1" LaunchDir="C:/prj/CH15_HDMI/project_1.runs/design_1_vga_data_0_0_synth_1" FlowId="Vivado_Synthesis" FromStepId="vivado" ToStepId="vivado"/>
	<Run Id="design_1_util_vector_logic_1_0_synth_1" LaunchDir="C:/prj/CH15_HDMI/project_1.runs/design_1_util_vector_logic_1_0_synth_1" FlowId="Vivado_Synthesis" FromStepId="vivado" ToStepId="vivado" IsOrderedIPRun="true">
		<Parent Id="design_1_util_vector_logic_0_0_synth_1"/>
	</Run>
	<Run Id="design_1_xbar_2_synth_1" LaunchDir="C:/prj/CH15_HDMI/project_1.runs/design_1_xbar_2_synth_1" FlowId="Vivado_Synthesis" FromStepId="vivado" ToStepId="vivado"/>
	<Run Id="design_1_xbar_3_synth_1" LaunchDir="C:/prj/CH15_HDMI/project_1.runs/design_1_xbar_3_synth_1" FlowId="Vivado_Synthesis" FromStepId="vivado" ToStepId="vivado"/>
	<Run Id="design_1_auto_pc_1_synth_1" LaunchDir="C:/prj/CH15_HDMI/project_1.runs/design_1_auto_pc_1_synth_1" FlowId="Vivado_Synthesis" FromStepId="vivado" ToStepId="vivado"/>
	<Run Id="design_1_auto_pc_0_synth_1" LaunchDir="C:/prj/CH15_HDMI/project_1.runs/design_1_auto_pc_0_synth_1" FlowId="Vivado_Synthesis" FromStepId="vivado" ToStepId="vivado"/>
	<Run Id="synth_2" LaunchDir="C:/prj/CH15_HDMI/project_1.runs/synth_2" FlowId="Vivado_Synthesis" FromStepId="vivado" ToStepId="vivado">
		<Parent Id="design_1_rst_ps7_0_200M_0_synth_1"/>
		<Parent Id="design_1_v_axi4s_vid_out_0_0_synth_1"/>
		<Parent Id="design_1_util_vector_logic_0_0_synth_1"/>
		<Parent Id="design_1_axi_vdma_0_0_synth_1"/>
		<Parent Id="design_1_processing_system7_0_0_synth_1"/>
		<Parent Id="design_1_v_tc_0_0_synth_1"/>
		<Parent Id="design_1_blk_mem_gen_6_0_synth_1"/>
		<Parent Id="design_1_clk_wiz_0_1_synth_1"/>
		<Parent Id="design_1_blk_mem_gen_5_0_synth_1"/>
		<Parent Id="design_1_blk_mem_gen_2_0_synth_1"/>
		<Parent Id="design_1_vga_data_broad_0_0_synth_1"/>
		<Parent Id="design_1_v_vid_in_axi4s_0_0_synth_1"/>
		<Parent Id="design_1_blk_mem_gen_8_0_synth_1"/>
		<Parent Id="design_1_blk_mem_gen_1_0_synth_1"/>
		<Parent Id="design_1_blk_mem_gen_0_0_synth_1"/>
		<Parent Id="design_1_axi_lite_0_0_synth_1"/>
		<Parent Id="design_1_util_vector_logic_2_0_synth_1"/>
		<Parent Id="design_1_blk_mem_gen_4_0_synth_1"/>
		<Parent Id="design_1_blk_mem_gen_0_1_synth_1"/>
		<Parent Id="design_1_blk_mem_gen_3_0_synth_1"/>
		<Parent Id="design_1_clk_wiz_0_0_synth_1"/>
		<Parent Id="design_1_cmos_data_0_0_synth_1"/>
		<Parent Id="design_1_blk_mem_gen_7_0_synth_1"/>
		<Parent Id="design_1_ov5640_top_0_0_synth_1"/>
		<Parent Id="design_1_hdmi_top_0_0_synth_1"/>
		<Parent Id="design_1_vga_data_0_0_synth_1"/>
		<Parent Id="design_1_util_vector_logic_1_0_synth_1"/>
		<Parent Id="design_1_xbar_2_synth_1"/>
		<Parent Id="design_1_xbar_3_synth_1"/>
		<Parent Id="design_1_auto_pc_1_synth_1"/>
		<Parent Id="design_1_auto_pc_0_synth_1"/>
	</Run>
	<Run Id="impl_2" LaunchDir="C:/prj/CH15_HDMI/project_1.runs/impl_2" FlowId="Vivado_Implementation" FromStepId="init_design" ToStepId="write_bitstream">
		<Parent Id="synth_2"/>
		<Parent Id="design_1_rst_ps7_0_200M_0_synth_1"/>
		<Parent Id="design_1_v_axi4s_vid_out_0_0_synth_1"/>
		<Parent Id="design_1_util_vector_logic_0_0_synth_1"/>
		<Parent Id="design_1_axi_vdma_0_0_synth_1"/>
		<Parent Id="design_1_processing_system7_0_0_synth_1"/>
		<Parent Id="design_1_v_tc_0_0_synth_1"/>
		<Parent Id="design_1_blk_mem_gen_6_0_synth_1"/>
		<Parent Id="design_1_clk_wiz_0_1_synth_1"/>
		<Parent Id="design_1_blk_mem_gen_5_0_synth_1"/>
		<Parent Id="design_1_blk_mem_gen_2_0_synth_1"/>
		<Parent Id="design_1_vga_data_broad_0_0_synth_1"/>
		<Parent Id="design_1_v_vid_in_axi4s_0_0_synth_1"/>
		<Parent Id="design_1_blk_mem_gen_8_0_synth_1"/>
		<Parent Id="design_1_blk_mem_gen_1_0_synth_1"/>
		<Parent Id="design_1_blk_mem_gen_0_0_synth_1"/>
		<Parent Id="design_1_axi_lite_0_0_synth_1"/>
		<Parent Id="design_1_util_vector_logic_2_0_synth_1"/>
		<Parent Id="design_1_blk_mem_gen_4_0_synth_1"/>
		<Parent Id="design_1_blk_mem_gen_0_1_synth_1"/>
		<Parent Id="design_1_blk_mem_gen_3_0_synth_1"/>
		<Parent Id="design_1_clk_wiz_0_0_synth_1"/>
		<Parent Id="design_1_cmos_data_0_0_synth_1"/>
		<Parent Id="design_1_blk_mem_gen_7_0_synth_1"/>
		<Parent Id="design_1_ov5640_top_0_0_synth_1"/>
		<Parent Id="design_1_hdmi_top_0_0_synth_1"/>
		<Parent Id="design_1_vga_data_0_0_synth_1"/>
		<Parent Id="design_1_util_vector_logic_1_0_synth_1"/>
		<Parent Id="design_1_xbar_2_synth_1"/>
		<Parent Id="design_1_xbar_3_synth_1"/>
		<Parent Id="design_1_auto_pc_1_synth_1"/>
		<Parent Id="design_1_auto_pc_0_synth_1"/>
	</Run>
	<Parameters>
		<Parameter Name="runs.monitorLSFJobs" Val="true" Type="bool"/>
		<Parameter Name="runs.enableClusterConf" Val="true" Type="bool"/>
	</Parameters>
</Runs>

